,Kourami typing accuracy,HLA-LA typing accuracy,Hisatgenotype typing accuracy,Optitype typing accuracy,Number of unique alleles,Number of Alleles
Rare,0.8857142857142857,1.0,0.6142857142857143,0.9206349206349206,47,70
Common,0.8367396593673966,0.9626520681265207,0.890632603406326,0.9877825290164935,203,8220
