,Kourami typing accuracy,HLA-LA typing accuracy,Hisatgenotype typing accuracy,Optitype typing accuracy,Number of unique alleles,Number of Alleles
Rare,0.8857142857142857,1.0,0.6142857142857143,0.9206349206349206,47,70
Frequent,0.8357417473153917,0.9610234654646692,0.884263555614477,0.9899082568807339,109,7543
